timestamp_utc,round,load_state,round_start_utc,warmup_start_utc,ready_utc,round_end_utc,locust_exit_code,trafego,taxa_erros,tempo_resposta_medio,tempo_resposta_p95,saturacao_cpu,saturacao_memoria,disponibilidade,concorrencia,trafego_front,trafego_carts,trafego_catalogue,trafego_user,taxa_erros_front,taxa_erros_carts,taxa_erros_catalogue,taxa_erros_user,tempo_resposta_medio_front,tempo_resposta_medio_carts,tempo_resposta_medio_catalogue,tempo_resposta_medio_user,tempo_resposta_p95_front,tempo_resposta_p95_carts,tempo_resposta_p95_catalogue,tempo_resposta_p95_user,saturacao_cpu_front,saturacao_cpu_carts,saturacao_cpu_catalogue,saturacao_cpu_user,saturacao_memoria_front,saturacao_memoria_carts,saturacao_memoria_catalogue,saturacao_memoria_user,disponibilidade_front,disponibilidade_carts,disponibilidade_catalogue,disponibilidade_user,concorrencia_front,concorrencia_carts,concorrencia_catalogue,concorrencia_user
2026-05-08T08:28:41+00:00,1,AQUECIMENTO,2026-05-08T08:28:41.591148+00:00,2026-05-08T08:28:41.591148+00:00,2026-05-08T08:29:41.591148+00:00,2026-05-08T08:34:41.591148+00:00,1,,,,,,,,,0.5966112481107311,0.0,0.6562593218653674,0.6759663245867388,0.0,,,0.0,10.969362797288001,6.530712622063757,0.0018206051425120927,0.010004436842062737,0.00475,nan,0.004749999999999999,0.00475,0.015580482179138933,0.01342157735957412,0.0025348659146932056,0.006591582854131572,289267712.0,161320960.0,150781952.0,72404992.0,100.0,,,100.0,0.0028339034285259725,nan,0.0031172317788604946,0.003210840041787009
2026-05-08T08:28:56+00:00,1,AQUECIMENTO,2026-05-08T08:28:41.591148+00:00,2026-05-08T08:28:41.591148+00:00,2026-05-08T08:29:41.591148+00:00,2026-05-08T08:34:41.591148+00:00,1,,,,,,,,,14.53268276268192,0.0,0.7781937492112901,0.6759455556579717,0.0028943560057887122,,,0.0,11.053622557026548,5.156287525566064,0.0014934215255857268,0.0016806016600544656,8.73905109489051,nan,0.00475,0.00475,0.0599306043111197,0.15256411421994107,0.002575363384423612,0.014362688423027428,266727424.0,161390592.0,150781952.0,73338880.0,99.71056439942113,,,100.0,127.00185720891187,nan,0.003696420308753628,0.0032107413893753653
2026-05-08T08:29:11+00:00,1,AQUECIMENTO,2026-05-08T08:28:41.591148+00:00,2026-05-08T08:28:41.591148+00:00,2026-05-08T08:29:41.591148+00:00,2026-05-08T08:34:41.591148+00:00,1,,,,,,,,,35.700079554494835,0.0,4.673826571201273,51.71992423779556,0.0011142061281337048,,,0.0,11.01622183186435,5.156287525566064,0.0061432735235422515,0.05203096751707297,10.0,nan,0.4206081081081081,0.40564159292035384,0.043197230454901196,0.3914661977412344,0.002633295577408307,0.024753880152122654,266727424.0,162291712.0,150659072.0,73338880.0,99.88857938718662,,,100.0,357.00079554494835,nan,1.9658493517383733,20.979752453539408
2026-05-08T08:29:26+00:00,1,AQUECIMENTO,2026-05-08T08:28:41.591148+00:00,2026-05-08T08:28:41.591148+00:00,2026-05-08T08:29:41.591148+00:00,2026-05-08T08:34:41.591148+00:00,1,,,,,,,,,56.14681974356826,0.0,8.882929690773485,44.266141534336114,0.0007462686567164179,,,0.0,11.179622556474857,5.156287525566064,0.006250461313961067,0.048152777081054816,10.0,nan,0.356756756756757,0.3591814159292033,0.24246810185856826,0.5847982154699465,0.008325226721860687,0.02492432539584209,327778304.0,161517568.0,150740992.0,73617408.0,99.92537313432835,,,100.0,561.4681974356826,nan,3.169045186978651,15.89957539402536
2026-05-08T08:29:41+00:00,1,EXECUCAO,2026-05-08T08:28:41.591148+00:00,2026-05-08T08:28:41.591148+00:00,2026-05-08T08:29:41.591148+00:00,2026-05-08T08:34:41.591148+00:00,1,,,,,,,,,61.37912071125233,,12.4950355909938,46.64468195001788,0.0,,,0.0,10.9181182316274,5.156287525566064,0.007053401726615993,0.04642491510195214,10.0,,0.3618243243243241,0.33318584070796475,0.28108304341560625,0.6868589127102452,0.0158346218394916,0.019302608835470428,312102912.0,162156544.0,150867968.0,73748480.0,100.0,,,100.0,613.7912071125232,,4.521007810119713,15.541347570072338
2026-05-08T08:29:56+00:00,1,EXECUCAO,2026-05-08T08:28:41.591148+00:00,2026-05-08T08:28:41.591148+00:00,2026-05-08T08:29:41.591148+00:00,2026-05-08T08:34:41.591148+00:00,1,,,,,,,,,74.00478439551003,,19.290928050052138,17.51916815460561,0.041856610029009526,,,0.0,10.746451513558476,5.156287525566064,0.006909846389849151,0.04568925051036578,10.0,,0.00480345659163987,0.004796004842615013,0.1958618062434322,0.6561354650275705,0.017575917255620965,0.012933433212614774,320479232.0,163053568.0,151285760.0,73748480.0,95.81433899709904,,,100.0,740.0478439551002,,0.0926631355008734,0.08402201530807522
2026-05-08T08:30:11+00:00,1,EXECUCAO,2026-05-08T08:28:41.591148+00:00,2026-05-08T08:28:41.591148+00:00,2026-05-08T08:29:41.591148+00:00,2026-05-08T08:34:41.591148+00:00,1,,,,,,,,,75.9982825246887,,22.511884680263766,10.76956703161325,0.09564164648910412,,,0.0,10.74753139784248,5.156287525566064,0.007081568517633638,0.04629515708969987,10.0,,0.0047825788751714665,0.004767592592592592,0.2666829593516261,0.6867565876341922,0.019743297780340185,0.009154434772136526,329650176.0,164843520.0,150654976.0,73748480.0,90.4358353510896,,,100.0,759.982825246887,,0.10766486411212565,0.05134490800534872
2026-05-08T08:30:26+00:00,1,EXECUCAO,2026-05-08T08:28:41.591148+00:00,2026-05-08T08:28:41.591148+00:00,2026-05-08T08:29:41.591148+00:00,2026-05-08T08:34:41.591148+00:00,1,,,,,,,,,68.45547338182261,,24.080921675885463,8.884604907486956,0.20803571428571432,,,0.0,11.148489553905728,5.156287525566064,0.007568725253295185,0.04684617169192239,10.0,,0.004774234693877551,0.004783847980997625,0.28757595639054073,0.7349557440890087,0.02167911621473091,0.012046495973073753,324116480.0,164843520.0,150069248.0,73854976.0,79.19642857142857,,,100.0,684.5547338182262,,0.11496797172556032,0.042502599248643066
2026-05-08T08:30:41+00:00,1,EXECUCAO,2026-05-08T08:28:41.591148+00:00,2026-05-08T08:28:41.591148+00:00,2026-05-08T08:29:41.591148+00:00,2026-05-08T08:34:41.591148+00:00,1,,,,,,,,,70.2596232424617,,23.19684841372952,8.091612159287461,0.20847002684163438,,,0.0,11.230136196344674,5.156287525566064,0.0077583058153168,0.04478844245859498,10.0,,0.0047845768880800735,0.004785272277227723,0.28297477614560845,0.875647398960799,0.022227243755121827,0.010067657484635305,330285056.0,162369536.0,150069248.0,72724480.0,79.15299731583656,,,100.0,702.596232424617,,0.11098710479662717,0.03872056734391704
2026-05-08T08:30:56+00:00,1,EXECUCAO,2026-05-08T08:28:41.591148+00:00,2026-05-08T08:28:41.591148+00:00,2026-05-08T08:29:41.591148+00:00,2026-05-08T08:34:41.591148+00:00,1,,,,,,,,,77.8360968626983,,24.195312034036462,9.290203249469283,0.21762452107279698,,,0.0,10.870874208226278,5.156287525566064,0.007602136701960497,0.04446808196825879,10.0,,0.004781430934656741,0.004793378995433791,0.30258714927176117,0.8809457461938419,0.021365609348915102,0.014176328315965414,322703360.0,162525184.0,150188032.0,72572928.0,78.2375478927203,,,100.0,778.360968626983,,0.11568821343321445,0.04453146511931681
2026-05-08T08:31:11+00:00,1,EXECUCAO,2026-05-08T08:28:41.591148+00:00,2026-05-08T08:28:41.591148+00:00,2026-05-08T08:29:41.591148+00:00,2026-05-08T08:34:41.591148+00:00,1,,,,,,,,,78.94902785076195,,22.17551234892275,8.605099465410678,0.21299254526091585,,,0.0,10.672654714486267,5.156287525566064,0.007638020439654939,0.04457019586054127,10.0,,0.004781727099236641,0.00478313953488372,0.18924784999999816,0.5759032999999988,0.019787937628714582,0.012883408471284292,322703360.0,162525184.0,149880832.0,72589312.0,78.70074547390841,,,100.0,789.4902785076195,,0.1060372483383007,0.04115939145461258
2026-05-08T08:31:26+00:00,1,EXECUCAO,2026-05-08T08:28:41.591148+00:00,2026-05-08T08:28:41.591148+00:00,2026-05-08T08:29:41.591148+00:00,2026-05-08T08:34:41.591148+00:00,1,,,,,,,,,77.64462727796656,,23.529411764705888,8.92277401922795,0.2367545431277195,,,0.0,10.899200724017241,5.156287525566064,0.006764461106177996,0.04364378893657272,10.0,,0.0047620660457239625,0.004806413301662708,0.29532894347776456,0.7240126221827279,0.015528970868593579,0.012057854375524264,367136768.0,163454976.0,150081536.0,72646656.0,76.32454568722805,,,100.0,776.4462727796656,,0.11204861284056385,0.04288653973374763
2026-05-08T08:31:41+00:00,1,EXECUCAO,2026-05-08T08:28:41.591148+00:00,2026-05-08T08:28:41.591148+00:00,2026-05-08T08:29:41.591148+00:00,2026-05-08T08:34:41.591148+00:00,1,,,,,,,,,70.24966487935657,,22.621117231845506,8.03225116818862,0.27996422182468694,,,0.0,11.041737863520352,5.156287525566064,0.006290814995739663,0.04378160752714549,10.0,,0.004763231197771588,0.004804807692307692,0.2788753719510844,0.6137871046544849,0.019362531718688663,0.011621314171153191,369889280.0,164237312.0,149938176.0,72650752.0,72.00357781753131,,,100.0,702.4966487935658,,0.10774961132717498,0.03859342219946013
2026-05-08T08:31:56+00:00,1,EXECUCAO,2026-05-08T08:28:41.591148+00:00,2026-05-08T08:28:41.591148+00:00,2026-05-08T08:29:41.591148+00:00,2026-05-08T08:34:41.591148+00:00,1,,,,,,,,,73.51072279586971,,23.0941837605989,8.15550649987736,0.2936250675310643,,,0.0,11.114190584446673,5.156287525566064,0.005769824065732318,0.04244784490387352,10.0,,0.004762284482758621,0.004822519083969466,0.25919613618253856,0.46018373771943494,0.0191914285714284,0.012445992040932274,371105792.0,163016704.0,149946368.0,72646656.0,70.63749324689357,,,100.0,735.1072279586971,,0.10998107296507627,0.03933008573509559
2026-05-08T08:32:11+00:00,1,EXECUCAO,2026-05-08T08:28:41.591148+00:00,2026-05-08T08:28:41.591148+00:00,2026-05-08T08:29:41.591148+00:00,2026-05-08T08:34:41.591148+00:00,1,,,,,,,,,73.10567876344085,,21.715845846896983,8.983321069413783,0.29445561620224076,,,0.0,11.151312050080975,5.156287525566064,0.005439753100637723,0.04067333616202343,10.0,,0.004763821532492725,0.004815743944636679,0.3017408089912233,0.45722497200978707,0.019325053300615444,0.012052768330551966,327270400.0,163016704.0,150188032.0,72658944.0,70.55443837977593,,,100.0,731.0567876344085,,0.10345041404174056,0.04326137404275652
2026-05-08T08:32:26+00:00,1,EXECUCAO,2026-05-08T08:28:41.591148+00:00,2026-05-08T08:28:41.591148+00:00,2026-05-08T08:29:41.591148+00:00,2026-05-08T08:34:41.591148+00:00,1,,,,,,,,,77.01505349970876,,22.48128214803487,9.133675464320627,0.28742038216560506,,,0.0,11.15875581947805,nan,0.005078695819261394,0.03947988289617215,10.0,,0.0047626217891939765,0.004847269624573378,0.23945787059510867,0.561225413261044,0.016179293558665642,0.01233728029602205,327270400.0,164179968.0,150188032.0,72818688.0,71.2579617834395,,,100.0,770.1505349970876,,0.10706984420724844,0.04427338763891252
2026-05-08T08:32:41+00:00,1,EXECUCAO,2026-05-08T08:28:41.591148+00:00,2026-05-08T08:28:41.591148+00:00,2026-05-08T08:29:41.591148+00:00,2026-05-08T08:34:41.591148+00:00,1,,,,,,,,,73.86363636363637,,22.077459625898076,9.531590413943354,0.2911497105045492,,,0.0,11.27610848905217,nan,0.004829896780226385,0.038087734581712676,10.0,,0.00475903041825095,0.00484585201793722,0.29044751449619527,0.6236595564626506,0.01927869862862952,0.013170985664602444,338690048.0,164003840.0,150024192.0,71303168.0,70.88502894954509,,,100.0,738.6363636363637,,0.10506730191735619,0.046188676641558464
2026-05-08T08:32:56+00:00,1,EXECUCAO,2026-05-08T08:28:41.591148+00:00,2026-05-08T08:28:41.591148+00:00,2026-05-08T08:29:41.591148+00:00,2026-05-08T08:34:41.591148+00:00,1,,,,,,,,,71.26710654936463,,22.44891725970496,8.188087525090925,0.29961423060437203,,,0.0,11.347098594957753,nan,0.004839811123404195,0.03703001021614343,10.0,,0.004762960436562073,0.004820197044334975,0.2843193152755215,0.45049206710643636,0.018862159770338126,0.013512329402219588,338690048.0,165810176.0,150167552.0,71303168.0,70.03857693956279,,,100.0,712.6710654936462,,0.10692330475163019,0.03946819528719936
2026-05-08T08:33:11+00:00,1,EXECUCAO,2026-05-08T08:28:41.591148+00:00,2026-05-08T08:28:41.591148+00:00,2026-05-08T08:29:41.591148+00:00,2026-05-08T08:34:41.591148+00:00,1,,,,,,,,,70.86952518338907,,21.66907093091065,9.457556587713581,0.3070593330446081,,,0.0,11.439419586017845,nan,0.0046334644391025515,0.035754235334672785,10.0,,0.004797567954220315,0.004835972850678734,0.24302739559644101,0.6336363801489425,0.01311904941116798,0.013233294184961298,348110848.0,163319808.0,150167552.0,72048640.0,69.29406669553919,,,100.0,708.6952518338908,,0.1039588402958639,0.04573648689194069
2026-05-08T08:33:26+00:00,1,EXECUCAO,2026-05-08T08:28:41.591148+00:00,2026-05-08T08:28:41.591148+00:00,2026-05-08T08:29:41.591148+00:00,2026-05-08T08:34:41.591148+00:00,1,,,,,,,,,72.50793383913746,,22.224950884086446,8.348572791603722,0.29159420289855076,,,0.0,11.418199505223473,nan,0.004434827481284357,0.03477545886458586,10.0,,0.004803072625698324,0.004842233009708738,0.2711940040589133,0.6375510676614357,0.011179282112774644,0.012077882599580743,337321984.0,163319808.0,150167552.0,73023488.0,70.84057971014492,,,100.0,725.0793383913747,,0.10674805319884538,0.04042573475545977
2026-05-08T08:33:41+00:00,1,EXECUCAO,2026-05-08T08:28:41.591148+00:00,2026-05-08T08:28:41.591148+00:00,2026-05-08T08:29:41.591148+00:00,2026-05-08T08:34:41.591148+00:00,1,,,,,,,,,75.73498717872263,,22.306423027562175,9.324058165360599,0.2887139107611549,,,0.0,11.72843299923419,,0.004242221519141106,0.03372567256168045,10.0,,0.0047761707988980715,0.00488163972286374,0.2911103442399456,0.5943861106254003,0.01876472768836349,0.012137404234099087,359698432.0,164040704.0,149835776.0,73023488.0,71.12860892388451,,,100.0,757.3498717872263,,0.10653928629210997,0.04551669271831631
2026-05-08T08:33:56+00:00,1,EXECUCAO,2026-05-08T08:28:41.591148+00:00,2026-05-08T08:28:41.591148+00:00,2026-05-08T08:29:41.591148+00:00,2026-05-08T08:34:41.591148+00:00,1,,,,,,,,,73.0823223751755,,22.4615513556552,8.204537327664983,0.28927752293577974,,,0.0,12.045595645278409,,0.0016735767966129292,0.0014462511772282585,10.0,,0.004767790262172284,0.004843827160493827,0.22733291965604419,0.517596517995804,0.02683691107332196,0.012377461341639664,359698432.0,164499456.0,149835776.0,73048064.0,71.07224770642202,,,100.0,730.823223751755,,0.10709196582677552,0.03974136074702909
2026-05-08T08:34:11+00:00,1,EXECUCAO,2026-05-08T08:28:41.591148+00:00,2026-05-08T08:28:41.591148+00:00,2026-05-08T08:29:41.591148+00:00,2026-05-08T08:34:41.591148+00:00,1,,,,,,,,,71.59458868869068,,22.05049762609508,9.325380156263126,0.30160932297447285,,,0.0,12.073067606122049,,0.0016612317887078792,0.0014441611473215452,10.0,,0.004767179023508137,0.004848275862068966,0.31016780770388164,0.3824860413789483,0.01958018030170193,0.011883557523401771,329220096.0,164499456.0,148529152.0,73334784.0,69.83906770255271,,,100.0,715.9458868869068,,0.10511866974103644,0.04521201551622743
2026-05-08T08:34:26+00:00,1,EXECUCAO,2026-05-08T08:28:41.591148+00:00,2026-05-08T08:28:41.591148+00:00,2026-05-08T08:29:41.591148+00:00,2026-05-08T08:34:41.591148+00:00,1,,,,,,,,,72.90332066119174,,22.34730740149542,8.444603401684947,0.2981849611063095,,,0.0,12.082125164467804,,0.0016492427008341652,0.0014547770562889275,10.0,,0.004772426817752597,0.0048295454545454536,0.2943016294050791,0.5302946442594642,0.01958018030170193,0.014992544744987074,329220096.0,162336768.0,148529152.0,69849088.0,70.18150388936905,,,100.0,729.0332066119174,,0.10665088914745785,0.04078359597404661
2026-05-08T08:34:41+00:00,1,EXECUCAO,2026-05-08T08:28:41.591148+00:00,2026-05-08T08:28:41.591148+00:00,2026-05-08T08:29:41.591148+00:00,2026-05-08T08:34:41.591148+00:00,1,,,,,,,,,73.42129316854111,,21.5391340632265,9.724405323273603,0.2912043301759134,,,0.0,12.083184274009488,,0.001623151684050931,0.0014575704967068094,10.0,,0.00477201112140871,0.004822757111597374,0.29743303680731054,0.5629191364216711,0.019961440452521417,0.014063245275315916,338644992.0,164544512.0,148533248.0,70582272.0,70.87956698240866,,,100.0,734.2129316854111,,0.10278498729523003,0.04689844492887313
2026-05-08T08:29:41.591148+00:00,1,PRONTA,2026-05-08T08:28:41.591148+00:00,2026-05-08T08:28:41.591148+00:00,2026-05-08T08:29:41.591148+00:00,2026-05-08T08:34:41.591148+00:00,1,102.4485972930283,0.29487538504620564,11.997748528103802,10.014320803655028,1.0511755339943,2463870976.0,170.51246149537945,709.5972339336894,,,,,,,,,,,,,,,,,,,,,,,,,,,,,,,,
2026-05-08T08:35:16+00:00,2,AQUECIMENTO,2026-05-08T08:35:16.651312+00:00,2026-05-08T08:35:16.651313+00:00,2026-05-08T08:36:16.651313+00:00,2026-05-08T08:41:16.651313+00:00,1,,,,,,,,,70.94467070626798,,21.297731155878726,9.513209290604394,0.29487538504620564,,,0.0,11.99463521093968,,0.0012619953537667658,0.001455818714395218,10.0,,0.004767790262172284,0.004803013392857143,0.23980435176528145,0.6192271607012806,0.01926233773743126,0.011458463860242922,362721280.0,163508224.0,148828160.0,70574080.0,70.51246149537944,,,100.0,709.4467070626798,,0.10154311521136185,0.0456920716318259
2026-05-08T08:35:31+00:00,2,AQUECIMENTO,2026-05-08T08:35:16.651312+00:00,2026-05-08T08:35:16.651313+00:00,2026-05-08T08:36:16.651313+00:00,2026-05-08T08:41:16.651313+00:00,1,,,,,,,,,62.89374212515749,,18.543018543018544,8.583954137159324,0.27212020033388984,,,0.0,12.025181973119379,,0.0012595012627161983,0.0014677017567235032,10.0,,0.004771615472127416,0.004818840579710145,0.3040514194119902,0.5478862598805172,0.01687175112324424,0.014471391611523002,330866688.0,163287040.0,148570112.0,70877184.0,72.78797996661102,,,100.0,628.9374212515748,,0.08848015417981286,0.041364706530514134
2026-05-08T08:35:46+00:00,2,AQUECIMENTO,2026-05-08T08:35:16.651312+00:00,2026-05-08T08:35:16.651313+00:00,2026-05-08T08:36:16.651313+00:00,2026-05-08T08:41:16.651313+00:00,1,,,,,,,,,41.70725404051448,,12.28530534351145,39.86660139517807,0.2550047664442327,,,0.0,11.914740113351733,,0.0012704774463725512,0.009003885117389768,10.0,,0.004780944625407165,0.1414166666666666,0.2586552159359063,0.4248212166456156,0.01138005762244778,0.016087103604999473,355631104.0,162734080.0,148295680.0,72011776.0,74.49952335557673,,,100.0,417.07254040514476,,0.05873536455354699,5.637801880634764
2026-05-08T08:36:01+00:00,2,AQUECIMENTO,2026-05-08T08:35:16.651312+00:00,2026-05-08T08:35:16.651313+00:00,2026-05-08T08:36:16.651313+00:00,2026-05-08T08:41:16.651313+00:00,1,,,,,,,,,38.98500576701268,,5.829925553108945,35.27612054459232,0.09359870898332438,,,0.0,12.850347159359133,,0.001271353379028089,0.009254115821353142,10.0,,0.00475,0.15391666666666629,0.20202912278713794,0.41933936734398114,0.008743421903702314,0.01786589576063547,355631104.0,162734080.0,148295680.0,71815168.0,90.64012910166757,,,100.0,389.85005767012683,,0.027692146377267485,5.429582887155154
2026-05-08T08:36:16+00:00,2,EXECUCAO,2026-05-08T08:35:16.651312+00:00,2026-05-08T08:35:16.651313+00:00,2026-05-08T08:36:16.651313+00:00,2026-05-08T08:41:16.651313+00:00,1,,,,,,,,,46.487541577867624,,7.8873463859621165,33.11502628908772,0.03941730934018852,,,0.0,12.306116459596844,,0.004604209147206367,0.011543528518012762,10.0,,0.24027027027027023,0.09033823529411765,0.2085968608094766,0.3804233811285855,0.011396702287690066,0.017111909220492365,422658048.0,159682560.0,146186240.0,71815168.0,96.05826906598115,,,100.0,464.87541577867626,,1.8950948478703569,2.9915530366744982
2026-05-08T08:36:31+00:00,2,EXECUCAO,2026-05-08T08:35:16.651312+00:00,2026-05-08T08:35:16.651313+00:00,2026-05-08T08:36:16.651313+00:00,2026-05-08T08:41:16.651313+00:00,1,,,,,,,,,71.56534730551522,,10.079542106813685,23.882669808938644,0.061746545133784185,,,0.0,12.217643050403897,,0.0047394165122936205,0.01169925054888832,10.0,,0.23185810810810806,0.08948529411764704,0.1740900308689937,0.22001791058209516,0.015282903309877301,0.0189985169974904,427294720.0,159301632.0,146186240.0,72056832.0,93.82534548662159,,,100.0,715.6534730551522,,2.337023563481835,2.1371477321675236
2026-05-08T08:36:46+00:00,2,EXECUCAO,2026-05-08T08:35:16.651312+00:00,2026-05-08T08:35:16.651313+00:00,2026-05-08T08:36:16.651313+00:00,2026-05-08T08:41:16.651313+00:00,1,,,,,,,,,73.91919316155217,,14.390258901666567,26.56961597358948,0.08735440931780368,,,0.0,12.262349082135845,,0.005020455833135204,0.011613233261126966,10.0,,0.23297297297297295,0.08652941176470585,0.02284233333333153,0.08807433494660734,0.021816269980165837,0.014519109144419817,427294720.0,158851072.0,146501632.0,72327168.0,91.26455906821963,,,100.0,739.1919316155218,,3.3525413981720487,2.2990532410088305
2026-05-08T08:37:01+00:00,2,EXECUCAO,2026-05-08T08:35:16.651312+00:00,2026-05-08T08:35:16.651313+00:00,2026-05-08T08:36:16.651313+00:00,2026-05-08T08:41:16.651313+00:00,1,,,,,,,,,48.7082711111111,,11.69108669108669,5.88358458961474,0.10422833959023708,,,0.0,12.305462622023837,,0.0056464488627610285,0.011893537383248191,10.0,,0.0471959459459459,0.004943518518518517,0.12734069499686065,0.10864600290498805,0.014118219159481063,0.0067076252709344485,206495744.0,158851072.0,146636800.0,72916992.0,89.5771660409763,,,100.0,487.08271111111105,,0.551771895521895,0.029085609374030638
2026-05-08T08:37:16+00:00,2,EXECUCAO,2026-05-08T08:35:16.651312+00:00,2026-05-08T08:35:16.651313+00:00,2026-05-08T08:36:16.651313+00:00,2026-05-08T08:41:16.651313+00:00,1,,,,,,,,,,,6.6239316239316235,4.961991147807791,,,,0.008000000000000002,12.29117043443918,,0.006033406929658238,0.012230068448969456,,,0.07305555555555542,0.004947916666666666,0.1552652092621915,0.0486111522394374,0.0020959999999995206,0.009080925026649223,206495744.0,158912512.0,146636800.0,72916992.0,,,,99.2,,,0.4839150047483371,0.02455151870009063
2026-05-08T08:37:31+00:00,2,EXECUCAO,2026-05-08T08:35:16.651312+00:00,2026-05-08T08:35:16.651313+00:00,2026-05-08T08:36:16.651313+00:00,2026-05-08T08:41:16.651313+00:00,1,,,,,,,,,,,1.4406130268199235,8.8190828153872,,,,0.09523809523809523,11.981545420331896,,0.006374603481743203,0.012085025592391482,,,0.00475,0.05227272727272742,,0.03426403736097275,0.0065401301051179915,0.009518646653409107,206495744.0,158932992.0,146497536.0,73818112.0,,,,90.47619047619048,,,0.006842911877394636,0.4609975108043322
2026-05-08T08:37:46+00:00,2,EXECUCAO,2026-05-08T08:35:16.651312+00:00,2026-05-08T08:35:16.651313+00:00,2026-05-08T08:36:16.651313+00:00,2026-05-08T08:41:16.651313+00:00,1,,,,,,,,,44.66635555555555,,15.139425499748025,18.34917219532604,,,,0.044516829533116184,10.804565641350688,,0.015620182311301942,0.011311091341484232,4.7115866632152485,,0.3232843137254897,0.02412499999999985,0.20306515851031015,0.030476223459521026,0.01776305485559201,0.014991629504208957,307007488.0,159248384.0,147021824.0,74055680.0,,,,95.54831704668838,210.44940512998585,,4.894338782884219,0.442673779212238
2026-05-08T08:38:01+00:00,2,EXECUCAO,2026-05-08T08:35:16.651312+00:00,2026-05-08T08:35:16.651313+00:00,2026-05-08T08:36:16.651313+00:00,2026-05-08T08:41:16.651313+00:00,1,,,,,,,,,122.84588919679284,,29.14749068595222,28.990077362933064,0.24233777458001357,,,0.028281363306744012,9.718347706651961,,0.019664341612166493,0.0108888132067947,9.80768074302555,,0.23902249134948078,0.01920833333333336,,0.02453640493637996,0.03701102240327084,0.015379785554545482,307007488.0,158347264.0,146677760.0,74100736.0,75.76622254199864,,,97.1718636693256,1204.8332618352356,,6.966905840342086,0.55685106934634
2026-05-08T08:38:16+00:00,2,EXECUCAO,2026-05-08T08:35:16.651312+00:00,2026-05-08T08:35:16.651313+00:00,2026-05-08T08:36:16.651313+00:00,2026-05-08T08:41:16.651313+00:00,1,,,,,,,,,164.98290542789798,,45.78708375378407,27.07779620711017,0.24945602198983818,,,0.0007380073800738007,8.653922972783887,,0.023790171931865226,0.010623323550141924,9.25540013822091,,0.23224832214765104,0.009270833333333336,0.37935161248204247,0.018612003413294515,0.04831978256829535,0.018365515873015954,407830528.0,159502336.0,147030016.0,74227712.0,75.05439780101618,,,99.92619926199262,1526.9828057014543,,10.633973377850321,0.2510337356700839
2026-05-08T08:38:31+00:00,2,EXECUCAO,2026-05-08T08:35:16.651312+00:00,2026-05-08T08:35:16.651313+00:00,2026-05-08T08:36:16.651313+00:00,2026-05-08T08:41:16.651313+00:00,1,,,,,,,,,177.64259138479946,,49.49941048340361,24.962082912032358,0.2960165019337123,,,0.0,8.074738445756333,,0.03309423182065953,0.010394550281911275,9.356603768450658,,0.23714499999999994,0.008402777777777785,0.3739735916196874,0.01430381854950611,0.05602710282329796,0.014195020028018302,411582464.0,159268864.0,147378176.0,74227712.0,70.39834980662877,,,100.0,1662.131339988355,,11.738537699086745,0.20975083558027208
2026-05-08T08:38:46+00:00,2,EXECUCAO,2026-05-08T08:35:16.651312+00:00,2026-05-08T08:35:16.651313+00:00,2026-05-08T08:36:16.651313+00:00,2026-05-08T08:41:16.651313+00:00,1,,,,,,,,,186.0551393556936,,54.70593191776206,21.55636990730761,0.27698099307818846,,,0.0,7.320019389011733,,0.035705929352913855,0.010623557694579672,9.100543398289403,,0.23622928176795582,0.008387096774193536,0.38736783942843833,0.014932544882717369,0.045292743979433454,0.018142023806395395,436482048.0,159268864.0,147378176.0,74813440.0,72.30190069218115,,,100.0,1693.2028701812724,,12.923143005379622,0.18079536051290226
2026-05-08T08:39:01+00:00,2,EXECUCAO,2026-05-08T08:35:16.651312+00:00,2026-05-08T08:35:16.651313+00:00,2026-05-08T08:36:16.651313+00:00,2026-05-08T08:41:16.651313+00:00,1,,,,,,,,,175.62817081452482,,55.368021571956454,22.76562452060258,0.3021721824178324,,,0.0,6.666828742671621,,0.03616696862871904,0.010340860010012692,9.04710144927536,,0.2342605633802815,0.007845238095238077,0.37740758001507785,0.01574555595241302,0.054954171291158434,0.01921817185502172,437489664.0,157085696.0,147345408.0,72908800.0,69.78278175821676,,,100.0,1588.925878709668,,12.970543926698099,0.17860174475091745
2026-05-08T08:39:16+00:00,2,EXECUCAO,2026-05-08T08:35:16.651312+00:00,2026-05-08T08:35:16.651313+00:00,2026-05-08T08:36:16.651313+00:00,2026-05-08T08:41:16.651313+00:00,1,,,,,,,,,193.7259681045532,,57.59250309919526,22.244040131316538,0.2917570498915401,,,0.0,6.091629731285766,,0.037545573565867164,0.010058980587310064,8.90498812351544,,0.21467609489051087,0.00617424242424242,0.38334252655343665,0.015664362922619794,0.055549823709612076,0.018398596591723146,437489664.0,158375936.0,147456000.0,72962048.0,70.824295010846,,,100.0,1725.127445187577,,12.363733660304884,0.1373400962653255
2026-05-08T08:39:31+00:00,2,EXECUCAO,2026-05-08T08:35:16.651312+00:00,2026-05-08T08:35:16.651313+00:00,2026-05-08T08:36:16.651313+00:00,2026-05-08T08:41:16.651313+00:00,1,,,,,,,,,183.04239401496258,,55.02134620755695,21.27070974087849,0.3068119891008175,,,0.0,5.598052576686479,,0.04412433270027091,0.009819263733021331,8.93313953488372,,0.2218205128205128,0.005924999999999995,0.3623027746390495,0.015248105328859252,0.05071144361843794,0.017736843188507424,440983552.0,158924800.0,147378176.0,73261056.0,69.31880108991825,,,100.0,1635.1432465348255,,12.20486323183526,0.12602895521470497
2026-05-08T08:39:46+00:00,2,EXECUCAO,2026-05-08T08:35:16.651312+00:00,2026-05-08T08:35:16.651313+00:00,2026-05-08T08:36:16.651313+00:00,2026-05-08T08:41:16.651313+00:00,1,,,,,,,,,198.6872002019692,,60.16872488586876,21.83746029074538,0.29711986446421007,,,0.0,5.149652991043178,,0.048325006382642,0.00957909094504459,8.90491651205937,,0.23304721030042913,0.006401639344262293,0.3866622481442225,0.017294172882378913,0.0628906503777981,0.01714778444077757,432975872.0,157212672.0,147279872.0,73383936.0,70.28801355357899,,,100.0,1769.2929298133613,,14.022153481985722,0.1397955449760011
2026-05-08T08:40:01+00:00,2,EXECUCAO,2026-05-08T08:35:16.651312+00:00,2026-05-08T08:35:16.651313+00:00,2026-05-08T08:36:16.651313+00:00,2026-05-08T08:41:16.651313+00:00,1,,,,,,,,,190.33566949465146,,58.955522085267255,20.619994421644023,0.30038759689922473,,,0.0,4.860213813130158,,0.05019838375786134,0.009496748998272339,8.922755741127348,,0.23925242718446596,0.007582236842105263,0.38428813784667654,0.015547077269505188,0.05456342234195367,0.01599402842986644,438779904.0,157212672.0,147279872.0,73195520.0,69.96124031007753,,,100.0,1698.3186877247188,,14.105251754827579,0.1563456813877943
2026-05-08T08:40:16+00:00,2,EXECUCAO,2026-05-08T08:35:16.651312+00:00,2026-05-08T08:35:16.651313+00:00,2026-05-08T08:36:16.651313+00:00,2026-05-08T08:41:16.651313+00:00,1,,,,,,,,,191.75188292205013,,56.18321545574232,21.40114559073456,0.29714194475490974,,,0.0,4.674299918503431,,0.05116608145006895,0.0060032964261123025,8.932685753237902,,0.24096659919028332,0.006304347826086937,0.38428813784667654,0.015654703302600412,0.061963553701929484,0.01677214345605602,438779904.0,156680192.0,146182144.0,72044544.0,70.28580552450903,,,100.0,1712.8593127343393,,13.53827835994519,0.13492026568071747
2026-05-08T08:40:31+00:00,2,EXECUCAO,2026-05-08T08:35:16.651312+00:00,2026-05-08T08:35:16.651313+00:00,2026-05-08T08:36:16.651313+00:00,2026-05-08T08:41:16.651313+00:00,1,,,,,,,,,183.2710795419754,,53.02960717675516,20.849544103270084,0.29769462078182424,,,0.0,4.599441218619766,,0.051593455063558585,0.0059774257506309825,8.996983914209114,,0.23598062953995155,0.008549107142857134,0.23135835519191686,0.014501790501538301,0.06082357573453475,0.013401201719836353,438779904.0,154836992.0,146182144.0,72044544.0,70.23053792181757,,,100.0,1648.8869545788918,,12.513960085827014,0.1782449864185811
2026-05-08T08:40:46+00:00,2,EXECUCAO,2026-05-08T08:35:16.651312+00:00,2026-05-08T08:35:16.651313+00:00,2026-05-08T08:36:16.651313+00:00,2026-05-08T08:41:16.651313+00:00,1,,,,,,,,,179.61987493454083,,57.27048675292667,22.86135693215339,0.28468530269250564,,,0.0,3.8596342563251533,,0.051034669314637876,0.005757416650206828,8.926546391752574,,0.22793831168831172,0.007745535714285699,0.38198430169613756,0.012859365422912532,0.06690869869913701,0.018155513040762097,441757696.0,153829376.0,146182144.0,73060352.0,71.53146973074944,,,100.0,1603.385146483974,,13.054138060029928,0.17707345659502702
2026-05-08T08:41:01+00:00,2,EXECUCAO,2026-05-08T08:35:16.651312+00:00,2026-05-08T08:35:16.651313+00:00,2026-05-08T08:36:16.651313+00:00,2026-05-08T08:41:16.651313+00:00,1,,,,,,,,,190.18120522545303,,59.58576515454795,21.264217938173285,0.29171282960336803,,,0.0,3.8365154584156493,,0.05145232303292617,0.003404581480842169,8.928537511870847,,0.2310914051841746,0.009393939393939411,0.2714230392454113,0.01657658302361513,0.05836803048535894,0.01820412206422759,443617280.0,154038272.0,145666048.0,73060352.0,70.8287170396632,,,100.0,1698.0400249082652,,13.769758198538712,0.1997547745707191
2026-05-08T08:41:16+00:00,2,EXECUCAO,2026-05-08T08:35:16.651312+00:00,2026-05-08T08:35:16.651313+00:00,2026-05-08T08:36:16.651313+00:00,2026-05-08T08:41:16.651313+00:00,1,,,,,,,,,186.76402736263512,,56.710130391173514,22.030429002511127,0.2943071965628357,,,0.0,3.604902002451589,,0.052956344623593596,0.003421119899078121,8.956745853877184,,0.23521698113207543,0.008094339622641507,0.38787355517703076,0.012813122950019018,0.03739454094303717,0.010104441908212396,441020416.0,154038272.0,145719296.0,73097216.0,70.56928034371643,,,100.0,1672.797927733687,,13.339185670218198,0.1783217743788164
2026-05-08T08:36:16.651313+00:00,2,PRONTA,2026-05-08T08:35:16.651312+00:00,2026-05-08T08:35:16.651313+00:00,2026-05-08T08:36:16.651313+00:00,2026-05-08T08:41:16.651313+00:00,1,267.6409528312569,0.2949264549136644,3.62869540607918,9.242763433551433,0.7246427401696973,2554490880.0,170.80456078368394,1734.7032206523031,,,,,,,,,,,,,,,,,,,,,,,,,,,,,,,,
